[{"attribute":"vehicleType","Variances":"[\"used\",\"pre owned\",\" preowned\",\"old\",\"second hand\",\"USED/PRE-OWNED\"]","value":"Used"},{"attribute":"vehicleType","Variances":"[\"CPO\",\"certified PreOwned\",\"certified pre-owned\",\"Certified pre owned\"]","value":"CPO"},{"attribute":"bodyType","Variances":"[\"car\",\"cars\",\"sedan\",\"car/sedan\",\"sedans\"]","value":"CAR"},{"attribute":"bodyType","Variances":"[\"SUV\",\"SUVs\"]","value":"SUV"},{"attribute":"bodyType","Variances":"[\"truck\",\"trucks\"]","value":"TRUCK"},{"attribute":"bodyType","Variances":"[\"wagon\",\"wagons\"]","value":"WAGON"},{"attribute":"bodyType","Variances":"[\"vans\"]","value":"VAN"},{"attribute":"driveTrain","Variances":"[\"\",\"all-wheel drive vehicle\",\"all-wheels drive vehicle\",\"all wheel drive vehicle\",\"all wheels drive vehicle\",\"all-wheel drive\",\"all-wheels drive\",\"all wheel drive\",\"all wheels drive\"]","value":"AWD"},{"attribute":"driveTrain","Variances":"[\"full-wheel drive vehicle\",\"full-wheels drive vehicle\",\"full wheel drive vehicle\",\"full wheels drive vehicle\",\"full-wheel drive\",\"full-wheels drive\",\"full wheel drive\",\"full wheels drive\"]","value":"FWD"},{"attribute":"driveTrain","Variances":"[\"rear-wheel drive vehicle\",\"rear-wheels drive vehicle\",\"rear wheel drive vehicle\",\"rear wheels drive vehicle\",\"rear-wheel drive\",\"rear-wheels drive\",\"rear wheel drive\",\"rear wheels drive\"]","value":"RWD"},{"attribute":"driveTrain","Variances":"[\"2-wheel drive vehicle\",\"2-wheels drive vehicle\",\"2 wheel drive vehicle\",\"2 wheels drive vehicle\",\"2-wheel drive\",\"2-wheels drive\",\"2 wheel drive\",\"2 wheels drive\",\"two-wheel drive 4wd\",\"vehicle\",\"two-wheels drive vehicle\",\"two wheel drive vehicle\",\"two wheels drive vehicle\",\"two-wheel drive\",\"two-wheels drive\",\"two wheel drive\",\"two wheels drive\"]","value":"2WD"},{"attribute":"driveTrain","Variances":"[\"4-wheel drive vehicle\",\"4-wheels drive vehicle\",\"4 wheel drive vehicle\",\"4 wheels drive vehicle\",\"4-wheel drive\",\"4-wheels drive\",\"4 wheel drive\",\"4 wheels drive\",\"four-wheel drive vehicle\",\"four-wheels drive vehicle\",\"four wheel drive vehicle\",\"four wheels drive vehicle\",\"four-wheel drive\",\"four-wheels drive\",\"four wheel drive\",\"four wheels drive\"]","value":"4WD"},{"attribute":"make","Variances":"[\"vw\"]","value":"Volkswagen"},{"attribute":"model","Variances":"[\"Palicade\",\"Pallisade\",\"pallicade\",\"paliasade\",\"paliacade\"]","value":"Palisade"},{"attribute":"model","Variances":"[\"SantaFe\",\"Santa-Fe\"]","value":"Santa Fe"},{"attribute":"model","Variances":"[\"pirus\"]","value":"Prius"},{"attribute":"model","Variances":"[\"atlas cross\",\"atlas-cross\"]","value":"Atlas Cross Sport"},{"attribute":"model","Variances":"[\"g80\",\"g-80\"]","value":"G 80"},{"attribute":"model","Variances":"[\"rav4\",\"rav-4\"]","value":"Rav 4"},{"attribute":"model","Variances":"[\"Sanata\",\"Sonta\"]","value":"Sonata"},{"attribute":"model","Variances":"[\"Hilander\",\"High lander\",\"high-lander\",\"hi lander\",\"higlander\"]","value":"Highlander"},{"attribute":"model","Variances":"[\"ioniq5\",\"ioniq-5\"]","value":"Ioniq 5"},{"attribute":"model","Variances":"[\"cx5\",\"cx-5\"]","value":"Cx 5"},{"attribute":"generic","Variances":"[\"plug in\",\"plugin\"]","value":"plug-in"},{"attribute":"generic","Variances":"[\"hibrid\",\"hibrid\",\"hi-brid\"]","value":"hybrid"},{"attribute":"generic","Variances":"[\"un limited\",\"un-limited\"]","value":"Unlimited"}]