[{"Variances":"used,pre owned, preowned,old,second hand,USED/PRE-OWNED","attribute":"vehicleType","value":"Used"},{"Variances":"CPO,certified PreOwned,certified pre-owned,Certified pre owned","attribute":"vehicleType","value":"CPO"},{"Variances":"car,cars,sedan,car/sedan,sedans","attribute":"bodyType","value":"CAR"},{"Variances":"SUV,SUVs","attribute":"bodyType","value":"SUV"},{"Variances":"truck,trucks","attribute":"bodyType","value":"TRUCK"},{"Variances":"wagon,wagons","attribute":"bodyType","value":"WAGON"},{"Variances":"vans","attribute":"bodyType","value":"VAN"},{"Variances":",all-wheel drive vehicle,all-wheels drive vehicle,all wheel drive vehicle,all wheels drive vehicle,all-wheel drive,all-wheels drive,all wheel drive,all wheels drive","attribute":"driveTrain","value":"AWD"},{"Variances":"full-wheel drive vehicle,full-wheels drive vehicle,full wheel drive vehicle,full wheels drive vehicle,full-wheel drive,full-wheels drive,full wheel drive,full wheels drive","attribute":"driveTrain","value":"FWD"},{"Variances":"rear-wheel drive vehicle,rear-wheels drive vehicle,rear wheel drive vehicle,rear wheels drive vehicle,rear-wheel drive,rear-wheels drive,rear wheel drive,rear wheels drive","attribute":"driveTrain","value":"RWD"},{"Variances":"2-wheel drive vehicle,2-wheels drive vehicle,2 wheel drive vehicle,2 wheels drive vehicle,2-wheel drive,2-wheels drive,2 wheel drive,2 wheels drive,two-wheel drive 4wd,vehicle,two-wheels drive vehicle,two wheel drive vehicle,two wheels drive vehicle,two-wheel drive,two-wheels drive,two wheel drive,two wheels drive","attribute":"driveTrain","value":"2WD"},{"Variances":"4-wheel drive vehicle,4-wheels drive vehicle,4 wheel drive vehicle,4 wheels drive vehicle,4-wheel drive,4-wheels drive,4 wheel drive,4 wheels drive,four-wheel drive vehicle,four-wheels drive vehicle,four wheel drive vehicle,four wheels drive vehicle,four-wheel drive,four-wheels drive,four wheel drive,four wheels drive","attribute":"driveTrain","value":"4WD"},{"Variances":"vw","attribute":"make","value":"Volkswagen"},{"Variances":"Palicade,Pallisade,pallicade,paliasade,paliacade","attribute":"model","value":"Palisade"},{"Variances":"SantaFe,Santa-Fe","attribute":"model","value":"Santa Fe"},{"Variances":"pirus","attribute":"model","value":"Prius"},{"Variances":"atlas cross,atlas-cross","attribute":"model","value":"Atlas Cross Sport"},{"Variances":"g80,g-80","attribute":"model","value":"G 80"},{"Variances":"rav4,rav-4","attribute":"model","value":"Rav 4"},{"Variances":"Sanata,Sonta","attribute":"model","value":"Sonata"},{"Variances":"Hilander,High lander,high-lander,hi lander,higlander","attribute":"model","value":"Highlander"},{"Variances":"ioniq5,ioniq-5","attribute":"model","value":"Ioniq 5"},{"Variances":"cx5,cx-5","attribute":"model","value":"Cx 5"},{"Variances":"plug in,plugin","attribute":"generic","value":"plug-in"},{"Variances":"hibrid,hibrid,hi-brid","attribute":"generic","value":"hybrid"},{"Variances":"un limited,un-limited","attribute":"generic","value":"Unlimited"}]